number,Name,Profile
1,Alex Johnson,https://www.linkedin.com/in/alexjohnson
2,Emily Chen,https://www.linkedin.com/in/emilychen
3,Michael Williams,https://www.linkedin.com/in/michaelwilliams
4,Sarah Lee,https://www.linkedin.com/in/sarahlee
5,Daniel Martinez,https://www.linkedin.com/in/danielmartinez
6,Olivia Thompson,https://www.linkedin.com/in/oliviathompson
7,William Anderson,https://www.linkedin.com/in/williamanderson
8,Sophia Martin,https://www.linkedin.com/in/sophiamartin
9,John Doe,https://www.linkedin.com/in/johndoe
10,Jane Smith,https://www.linkedin.com/in/janesmith